id_student,score
96,83.07810100623452
52,120.5536939767485
55,94.54092429739059
98,113.45245433549654
79,114.02444260001029
12,104.78205383747883
42,98.68660938849834
1,99.53224930618642
93,83.64430619117093
50,94.38634659513737
3,104.13949851997756
6,106.31711653121445
86,96.46254422110196
NA,87.82347184278541
75,102.99881982536687
68,86.99900577113516
9,118.48709246615365
76,114.50235151759938
62,108.80678817889702
7,110.83895862228314
40,97.32640227198108
19,95.10585988923262
63,110.21139957490853
70,97.39658255725777
97,86.83752074061613
66,118.57451738832562
26,104.14874883728092
83,107.15670008869682
74,98.06192515599164
8,106.42505351394968
87,96.30769955088476
53,104.17995948524069
78,96.68764030462626
48,85.04104616598033
22,95.83548116142211
91,88.534711324494
72,73.94479858579432
94,99.83867123668831
10,91.99795991774504
100,101.46818485177852
27,90.79236171928576
31,101.84469483258125
35,93.67115999157807
25,92.38972595559085
88,108.3256697279939
36,103.14666812427814
51,94.51927133515129
54,93.34909589277522
81,116.52981032042989
77,115.9452623146263
69,106.24597313472839
56,78.97521314840986
33,90.00192034206603
4,100.63687450585519
57,104.9039785578139
95,111.58361025625615
34,109.37801755452762
17,119.58808830419015
49,101.13578722767119
80,114.46255624609742
84,100.33499108346196
15,102.1963430205059
46,103.9396772176601
47,102.94590874551085
11,108.0668852520979
28,99.90039165405943
82,115.80578058364512
38,96.37603855133494
16,102.1997212354986
21,102.72939434559912
64,84.68429980852709
21,100.69431709008151
5,93.67335343032674
90,103.53581211148479
43,84.39710475529807
2,90.09631126146304
73,97.65334901410756
20,105.15539284815004
18,80.58510662623331
39,114.88401446486321
99,96.82423322582312
65,104.79864520230169
24,89.6915177793573
71,106.02091183485285
92,88.84156763288077
NA,106.86574417318346
14,99.54738925623158
85,100.10632143557119
13,120.00328537481863
NA,97.57801545931538
58,109.3789896802836
23,90.95558668355858
29,83.29762069766821
37,101.63941037189667
30,87.76554780429912
60,96.70835837704674
89,96.38751534184212
61,97.94814775183872
44,94.02927101130585
59,115.22490103141104
67,92.00267226604863
32,94.45534412388582
41,104.65173581138392
45,80.98081507948952
NA,94.04811446202547
