id,name
1,Maria Gonzalez
2,James Carter
3,Wei Zhang
4,Aisha Rahman
5,Liam O'Connor
6,Priya Patel
7,Mohammed Al-Farsi
8,Sofia Rossi
9,Kenji Tanaka
10,Chioma Okafor
11,Daniel Kim
12,Fatima Hassan
13,Lucas Silva
14,Anna Kowalski
15,Rajesh Sharma
16,Isabella Martinez
17,Tyrone Jackson
18,Mei Lin Chen
19,Omar Haddad
20,Emily Johnson
21,Diego Ramirez
22,Yuki Nakamura
23,Amara Diallo
24,Noah Williams
25,Ananya Iyer
26,Ivan Petrov
27,Leila Karimi
28,Marcus Brown
29,Hana Park
30,Carlos Mendoza
31,Olivia Murphy
32,Tariq Mahmood
33,Linh Nguyen
34,Elena Popescu
35,Kwame Mensah
36,Grace Thompson
37,Hiroshi Sato
38,Camila Torres
39,Ahmed Khalil
40,Sarah Cohen
41,Jamal Washington
42,Sunita Reddy
43,Mateo Fernandez
44,Zainab Yusuf
45,Ethan Miller
46,Minh Tran
47,Ingrid Larsen
48,Samuel Adeyemi
49,Valentina Costa
50,Jin Woo Lee
51,Naomi Baker
51,Naomi Baker
51,Elliott Rundel
52,Arjun Mehta
53,Lucia Herrera
54,Dmitri Volkov
55,Nadia Bouzid
56,Benjamin Clark
57,Shreya Gupta
58,Andre Dubois
59,Mia Wong
60,Kofi Asante
61,Jessica Nguyen
62,Rafael Oliveira
63,Yasmin Aziz
64,Patrick Sullivan
65,Takeshi Yamamoto
66,Gabriela Cruz
67,Hassan Ali
68,Chloe Anderson
69,Vikram Singh
70,Natalia Sokolova
71,Terrell Davis
72,Mariam Toure
73,William Foster
74,Soo-jin Choi
75,Alejandro Vargas
76,Deepika Nair
77,Henrik Johansson
78,Imani Robinson
79,Luca Bianchi
80,Layla Mansour
81,Joshua Bennett
82,Hoa Pham
83,Santiago Rojas
84,Ayesha Siddiqui
85,Connor Walsh
86,Rin Kobayashi
87,Esperanza Morales
88,Oluwaseun Balogun
89,Katarina Novak
90,Bilal Chaudhry
91,Hannah Schmidt
92,Manuel Castillo
93,Lakshmi Krishnan
94,Darius Hamilton
95,Yara Nasser
96,Tomasz Wisniewski
97,Pei Ling Huang
98,Jasmine Taylor
99,Emmanuel Okonkwo
100,Charlotte Evans
