id_student,score,date
96,83.07810100623452,2024-05-24
52,120.5536939767485,2024-05-18
55,94.54092429739059,2024-05-04
98,113.45245433549654,2024-05-05
79,114.02444260001029,2024-06-02
12,104.78205383747883,2024-06-10
42,98.68660938849834,2024-05-07
1,99.53224930618642,2024-05-12
93,83.64430619117093,2024-05-27
50,94.38634659513737,2024-05-04
3,104.13949851997756,2024-05-13
6,106.31711653121445,2024-06-13
86,96.46254422110196,2024-06-13
NA,87.82347184278541,2024-05-11
75,102.99881982536687,2024-05-14
68,86.99900577113516,2024-05-17
9,118.48709246615365,2024-05-31
76,114.50235151759938,2024-05-17
62,108.80678817889702,2024-05-16
7,110.83895862228314,2024-06-06
40,97.32640227198108,2024-06-04
19,95.10585988923262,2024-06-14
63,110.21139957490853,2024-06-05
70,97.39658255725777,2024-05-21
97,86.83752074061613,2024-05-29
66,118.57451738832562,2024-06-12
26,104.14874883728092,2024-05-11
83,107.15670008869682,2024-05-26
74,98.06192515599164,2024-05-31
8,106.42505351394968,2024-05-15
87,96.30769955088476,2024-05-04
53,104.17995948524069,2024-05-21
78,96.68764030462626,2024-06-14
48,85.04104616598033,2024-05-12
22,95.83548116142211,2024-05-18
91,88.534711324494,2024-05-13
72,73.94479858579432,2024-05-12
94,99.83867123668831,2024-06-09
10,91.99795991774504,2024-05-13
100,101.46818485177852,2024-05-15
27,90.79236171928576,2024-05-14
31,101.84469483258125,2024-06-09
35,93.67115999157807,2024-05-11
25,92.38972595559085,2024-05-11
88,108.3256697279939,2024-06-10
36,103.14666812427814,2024-05-04
51,94.51927133515129,2024-05-06
54,93.34909589277522,2024-05-26
81,116.52981032042989,2024-06-11
77,115.9452623146263,2024-06-09
69,106.24597313472839,2024-05-11
56,78.97521314840986,2024-05-02
33,90.00192034206603,2024-06-05
4,100.63687450585519,2024-05-04
57,104.9039785578139,2024-05-27
95,111.58361025625615,2024-05-05
34,109.37801755452762,2024-06-14
17,119.58808830419015,2024-05-09
49,101.13578722767119,2024-06-10
80,114.46255624609742,2024-05-07
84,100.33499108346196,2024-05-18
15,102.1963430205059,2024-05-08
46,103.9396772176601,2024-06-10
47,102.94590874551085,2024-05-08
11,108.0668852520979,2024-05-02
28,99.90039165405943,2024-06-13
82,115.80578058364512,2024-05-14
38,96.37603855133494,2024-05-02
16,102.1997212354986,2024-06-08
21,102.72939434559912,2024-06-01
64,84.68429980852709,2024-05-27
21,100.69431709008151,2024-05-30
5,93.67335343032674,2024-06-15
90,103.53581211148479,2024-06-13
43,84.39710475529807,2024-06-06
2,90.09631126146304,2024-05-26
73,97.65334901410756,2024-05-10
20,105.15539284815004,2024-06-03
18,80.58510662623331,2024-06-13
39,114.88401446486321,2024-06-06
99,96.82423322582312,2024-06-08
65,104.79864520230169,2024-05-31
24,89.6915177793573,2024-05-31
71,106.02091183485285,2024-06-04
92,88.84156763288077,2024-05-19
NA,106.86574417318346,2024-05-03
14,99.54738925623158,2024-05-30
85,100.10632143557119,2024-05-02
13,120.00328537481863,2024-05-06
NA,97.57801545931538,2024-05-08
58,109.3789896802836,2024-06-11
23,90.95558668355858,2024-05-05
29,83.29762069766821,2024-05-31
37,101.63941037189667,2024-05-04
30,87.76554780429912,2024-05-09
60,96.70835837704674,2024-05-28
89,96.38751534184212,2024-06-01
61,97.94814775183872,2024-05-08
44,94.02927101130585,2024-05-15
59,115.22490103141104,2024-05-06
67,92.00267226604863,2024-06-14
32,94.45534412388582,2024-05-12
41,104.65173581138392,2024-05-13
45,80.98081507948952,2024-05-07
NA,94.04811446202547,2024-05-17
